demouser,demo
uid:0,xxx
uid:1,xxx
uid:2,xxx
uid:3,xxx
uid:4,xxx
uid:5,xxx
uid:6,xxx
uid:7,xxx
uid:8,xxx
uid:9,xxx
uid:10,xxx
uid:11,xxx
uid:12,xxx
uid:13,xxx
uid:14,xxx
uid:15,xxx
uid:16,xxx
uid:17,xxx
uid:18,xxx
uid:19,xxx
uid:20,xxx
uid:21,xxx
uid:22,xxx
uid:23,xxx
uid:24,xxx
uid:25,xxx
uid:26,xxx
uid:27,xxx
uid:28,xxx
uid:29,xxx
uid:30,xxx
uid:31,xxx
uid:32,xxx
uid:33,xxx
uid:34,xxx
uid:35,xxx
uid:36,xxx
uid:37,xxx
uid:38,xxx
uid:39,xxx
uid:40,xxx
uid:41,xxx
uid:42,xxx
uid:43,xxx
uid:44,xxx
uid:45,xxx
uid:46,xxx
uid:47,xxx
uid:48,xxx
uid:49,xxx
uid:50,xxx
uid:51,xxx
uid:52,xxx
uid:53,xxx
uid:54,xxx
uid:55,xxx
uid:56,xxx
uid:57,xxx
uid:58,xxx
uid:59,xxx
uid:60,xxx
uid:61,xxx
uid:62,xxx
uid:63,xxx
uid:64,xxx
uid:65,xxx
uid:66,xxx
uid:67,xxx
uid:68,xxx
uid:69,xxx
uid:70,xxx
uid:71,xxx
uid:72,xxx
uid:73,xxx
uid:74,xxx
uid:75,xxx
uid:76,xxx
uid:77,xxx
uid:78,xxx
uid:79,xxx
uid:80,xxx
uid:81,xxx
uid:82,xxx
uid:83,xxx
uid:84,xxx
uid:85,xxx
uid:86,xxx
uid:87,xxx
uid:88,xxx
uid:89,xxx
uid:90,xxx
uid:91,xxx
uid:92,xxx
uid:93,xxx
uid:94,xxx
uid:95,xxx
uid:96,xxx
uid:97,xxx
uid:98,xxx
uid:99,xxx
uid:100,xxx
uid:101,xxx
uid:102,xxx
uid:103,xxx
uid:104,xxx
uid:105,xxx
uid:106,xxx
uid:107,xxx
uid:108,xxx
uid:109,xxx
uid:110,xxx
uid:111,xxx
uid:112,xxx
uid:113,xxx
uid:114,xxx
uid:115,xxx
uid:116,xxx
uid:117,xxx
uid:118,xxx
uid:119,xxx
uid:120,xxx
uid:121,xxx
uid:122,xxx
uid:123,xxx
uid:124,xxx
uid:125,xxx
uid:126,xxx
uid:127,xxx
uid:128,xxx
uid:129,xxx
uid:130,xxx
uid:131,xxx
uid:132,xxx
uid:133,xxx
uid:134,xxx
uid:135,xxx
uid:136,xxx
uid:137,xxx
uid:138,xxx
uid:139,xxx
uid:140,xxx
uid:141,xxx
uid:142,xxx
uid:143,xxx
uid:144,xxx
uid:145,xxx
uid:146,xxx
uid:147,xxx
uid:148,xxx
uid:149,xxx
uid:150,xxx
uid:151,xxx
uid:152,xxx
uid:153,xxx
uid:154,xxx
uid:155,xxx
uid:156,xxx
uid:157,xxx
uid:158,xxx
uid:159,xxx
uid:160,xxx
uid:161,xxx
uid:162,xxx
uid:163,xxx
uid:164,xxx
uid:165,xxx
uid:166,xxx
uid:167,xxx
uid:168,xxx
uid:169,xxx
uid:170,xxx
uid:171,xxx
uid:172,xxx
uid:173,xxx
uid:174,xxx
uid:175,xxx
uid:176,xxx
uid:177,xxx
uid:178,xxx
uid:179,xxx
uid:180,xxx
uid:181,xxx
uid:182,xxx
uid:183,xxx
uid:184,xxx
uid:185,xxx
uid:186,xxx
uid:187,xxx
uid:188,xxx
uid:189,xxx
uid:190,xxx
uid:191,xxx
uid:192,xxx
uid:193,xxx
uid:194,xxx
uid:195,xxx
uid:196,xxx
uid:197,xxx
uid:198,xxx
uid:199,xxx
uid:200,xxx
uid:201,xxx
uid:202,xxx
uid:203,xxx
uid:204,xxx
uid:205,xxx
uid:206,xxx
uid:207,xxx
uid:208,xxx
uid:209,xxx
uid:210,xxx
uid:211,xxx
uid:212,xxx
uid:213,xxx
uid:214,xxx
uid:215,xxx
uid:216,xxx
uid:217,xxx
uid:218,xxx
uid:219,xxx
uid:220,xxx
uid:221,xxx
uid:222,xxx
uid:223,xxx
uid:224,xxx
uid:225,xxx
uid:226,xxx
uid:227,xxx
uid:228,xxx
uid:229,xxx
uid:230,xxx
uid:231,xxx
uid:232,xxx
uid:233,xxx
uid:234,xxx
uid:235,xxx
uid:236,xxx
uid:237,xxx
uid:238,xxx
uid:239,xxx
uid:240,xxx
uid:241,xxx
uid:242,xxx
uid:243,xxx
uid:244,xxx
uid:245,xxx
uid:246,xxx
uid:247,xxx
uid:248,xxx
uid:249,xxx
uid:250,xxx
uid:251,xxx
uid:252,xxx
uid:253,xxx
uid:254,xxx
uid:255,xxx
uid:256,xxx
uid:257,xxx
uid:258,xxx
uid:259,xxx
uid:260,xxx
uid:261,xxx
uid:262,xxx
uid:263,xxx
uid:264,xxx
uid:265,xxx
uid:266,xxx
uid:267,xxx
uid:268,xxx
uid:269,xxx
uid:270,xxx
uid:271,xxx
uid:272,xxx
uid:273,xxx
uid:274,xxx
uid:275,xxx
uid:276,xxx
uid:277,xxx
uid:278,xxx
uid:279,xxx
uid:280,xxx
uid:281,xxx
uid:282,xxx
uid:283,xxx
uid:284,xxx
uid:285,xxx
uid:286,xxx
uid:287,xxx
uid:288,xxx
uid:289,xxx
uid:290,xxx
uid:291,xxx
uid:292,xxx
uid:293,xxx
uid:294,xxx
uid:295,xxx
uid:296,xxx
uid:297,xxx
uid:298,xxx
uid:299,xxx
uid:300,xxx
uid:301,xxx
uid:302,xxx
uid:303,xxx
uid:304,xxx
uid:305,xxx
uid:306,xxx
uid:307,xxx
uid:308,xxx
uid:309,xxx
uid:310,xxx
uid:311,xxx
uid:312,xxx
uid:313,xxx
uid:314,xxx
uid:315,xxx
uid:316,xxx
uid:317,xxx
uid:318,xxx
uid:319,xxx
uid:320,xxx
uid:321,xxx
uid:322,xxx
uid:323,xxx
uid:324,xxx
uid:325,xxx
uid:326,xxx
uid:327,xxx
uid:328,xxx
uid:329,xxx
uid:330,xxx
uid:331,xxx
uid:332,xxx
uid:333,xxx
uid:334,xxx
uid:335,xxx
uid:336,xxx
uid:337,xxx
uid:338,xxx
uid:339,xxx
uid:340,xxx
uid:341,xxx
uid:342,xxx
uid:343,xxx
uid:344,xxx
uid:345,xxx
uid:346,xxx
uid:347,xxx
uid:348,xxx
uid:349,xxx
uid:350,xxx
uid:351,xxx
uid:352,xxx
uid:353,xxx
uid:354,xxx
uid:355,xxx
uid:356,xxx
uid:357,xxx
uid:358,xxx
uid:359,xxx
uid:360,xxx
uid:361,xxx
uid:362,xxx
uid:363,xxx
uid:364,xxx
uid:365,xxx
uid:366,xxx
uid:367,xxx
uid:368,xxx
uid:369,xxx
uid:370,xxx
uid:371,xxx
uid:372,xxx
uid:373,xxx
uid:374,xxx
uid:375,xxx
uid:376,xxx
uid:377,xxx
uid:378,xxx
uid:379,xxx
uid:380,xxx
uid:381,xxx
uid:382,xxx
uid:383,xxx
uid:384,xxx
uid:385,xxx
uid:386,xxx
uid:387,xxx
uid:388,xxx
uid:389,xxx
uid:390,xxx
uid:391,xxx
uid:392,xxx
uid:393,xxx
uid:394,xxx
uid:395,xxx
uid:396,xxx
uid:397,xxx
uid:398,xxx
uid:399,xxx
uid:400,xxx
uid:401,xxx
uid:402,xxx
uid:403,xxx
uid:404,xxx
uid:405,xxx
uid:406,xxx
uid:407,xxx
uid:408,xxx
uid:409,xxx
uid:410,xxx
uid:411,xxx
uid:412,xxx
uid:413,xxx
uid:414,xxx
uid:415,xxx
uid:416,xxx
uid:417,xxx
uid:418,xxx
uid:419,xxx
uid:420,xxx
uid:421,xxx
uid:422,xxx
uid:423,xxx
uid:424,xxx
uid:425,xxx
uid:426,xxx
uid:427,xxx
uid:428,xxx
uid:429,xxx
uid:430,xxx
uid:431,xxx
uid:432,xxx
uid:433,xxx
uid:434,xxx
uid:435,xxx
uid:436,xxx
uid:437,xxx
uid:438,xxx
uid:439,xxx
uid:440,xxx
uid:441,xxx
uid:442,xxx
uid:443,xxx
uid:444,xxx
uid:445,xxx
uid:446,xxx
uid:447,xxx
uid:448,xxx
uid:449,xxx
uid:450,xxx
uid:451,xxx
uid:452,xxx
uid:453,xxx
uid:454,xxx
uid:455,xxx
uid:456,xxx
uid:457,xxx
uid:458,xxx
uid:459,xxx
uid:460,xxx
uid:461,xxx
uid:462,xxx
uid:463,xxx
uid:464,xxx
uid:465,xxx
uid:466,xxx
uid:467,xxx
uid:468,xxx
uid:469,xxx
uid:470,xxx
uid:471,xxx
uid:472,xxx
uid:473,xxx
uid:474,xxx
uid:475,xxx
uid:476,xxx
uid:477,xxx
uid:478,xxx
uid:479,xxx
uid:480,xxx
uid:481,xxx
uid:482,xxx
uid:483,xxx
uid:484,xxx
uid:485,xxx
uid:486,xxx
uid:487,xxx
uid:488,xxx
uid:489,xxx
uid:490,xxx
uid:491,xxx
uid:492,xxx
uid:493,xxx
uid:494,xxx
uid:495,xxx
uid:496,xxx
uid:497,xxx
uid:498,xxx
uid:499,xxx
uid:500,xxx
uid:501,xxx
uid:502,xxx
uid:503,xxx
uid:504,xxx
uid:505,xxx
uid:506,xxx
uid:507,xxx
uid:508,xxx
uid:509,xxx
uid:510,xxx
uid:511,xxx
uid:512,xxx
uid:513,xxx
uid:514,xxx
uid:515,xxx
uid:516,xxx
uid:517,xxx
uid:518,xxx
uid:519,xxx
uid:520,xxx
uid:521,xxx
uid:522,xxx
uid:523,xxx
uid:524,xxx
uid:525,xxx
uid:526,xxx
uid:527,xxx
uid:528,xxx
uid:529,xxx
uid:530,xxx
uid:531,xxx
uid:532,xxx
uid:533,xxx
uid:534,xxx
uid:535,xxx
uid:536,xxx
uid:537,xxx
uid:538,xxx
uid:539,xxx
uid:540,xxx
uid:541,xxx
uid:542,xxx
uid:543,xxx
uid:544,xxx
uid:545,xxx
uid:546,xxx
uid:547,xxx
uid:548,xxx
uid:549,xxx
uid:550,xxx
uid:551,xxx
uid:552,xxx
uid:553,xxx
uid:554,xxx
uid:555,xxx
uid:556,xxx
uid:557,xxx
uid:558,xxx
uid:559,xxx
uid:560,xxx
uid:561,xxx
uid:562,xxx
uid:563,xxx
uid:564,xxx
uid:565,xxx
uid:566,xxx
uid:567,xxx
uid:568,xxx
uid:569,xxx
uid:570,xxx
uid:571,xxx
uid:572,xxx
uid:573,xxx
uid:574,xxx
uid:575,xxx
uid:576,xxx
uid:577,xxx
uid:578,xxx
uid:579,xxx
uid:580,xxx
uid:581,xxx
uid:582,xxx
uid:583,xxx
uid:584,xxx
uid:585,xxx
uid:586,xxx
uid:587,xxx
uid:588,xxx
uid:589,xxx
uid:590,xxx
uid:591,xxx
uid:592,xxx
uid:593,xxx
uid:594,xxx
uid:595,xxx
uid:596,xxx
uid:597,xxx
uid:598,xxx
uid:599,xxx
uid:600,xxx
uid:601,xxx
uid:602,xxx
uid:603,xxx
uid:604,xxx
uid:605,xxx
uid:606,xxx
uid:607,xxx
uid:608,xxx
uid:609,xxx
uid:610,xxx
uid:611,xxx
uid:612,xxx
uid:613,xxx
uid:614,xxx
uid:615,xxx
uid:616,xxx
uid:617,xxx
uid:618,xxx
uid:619,xxx
uid:620,xxx
uid:621,xxx
uid:622,xxx
uid:623,xxx
uid:624,xxx
uid:625,xxx
uid:626,xxx
uid:627,xxx
uid:628,xxx
uid:629,xxx
uid:630,xxx
uid:631,xxx
uid:632,xxx
uid:633,xxx
uid:634,xxx
uid:635,xxx
uid:636,xxx
uid:637,xxx
uid:638,xxx
uid:639,xxx
uid:640,xxx
uid:641,xxx
uid:642,xxx
uid:643,xxx
uid:644,xxx
uid:645,xxx
uid:646,xxx
uid:647,xxx
uid:648,xxx
uid:649,xxx
uid:650,xxx
uid:651,xxx
uid:652,xxx
uid:653,xxx
uid:654,xxx
uid:655,xxx
uid:656,xxx
uid:657,xxx
uid:658,xxx
uid:659,xxx
uid:660,xxx
uid:661,xxx
uid:662,xxx
uid:663,xxx
uid:664,xxx
uid:665,xxx
uid:666,xxx
uid:667,xxx
uid:668,xxx
uid:669,xxx
uid:670,xxx
uid:671,xxx
uid:672,xxx
uid:673,xxx
uid:674,xxx
uid:675,xxx
uid:676,xxx
uid:677,xxx
uid:678,xxx
uid:679,xxx
uid:680,xxx
uid:681,xxx
uid:682,xxx
uid:683,xxx
uid:684,xxx
uid:685,xxx
uid:686,xxx
uid:687,xxx
uid:688,xxx
uid:689,xxx
uid:690,xxx
uid:691,xxx
uid:692,xxx
uid:693,xxx
uid:694,xxx
uid:695,xxx
uid:696,xxx
uid:697,xxx
uid:698,xxx
uid:699,xxx
uid:700,xxx
uid:701,xxx
uid:702,xxx
uid:703,xxx
uid:704,xxx
uid:705,xxx
uid:706,xxx
uid:707,xxx
uid:708,xxx
uid:709,xxx
uid:710,xxx
uid:711,xxx
uid:712,xxx
uid:713,xxx
uid:714,xxx
uid:715,xxx
uid:716,xxx
uid:717,xxx
uid:718,xxx
uid:719,xxx
uid:720,xxx
uid:721,xxx
uid:722,xxx
uid:723,xxx
uid:724,xxx
uid:725,xxx
uid:726,xxx
uid:727,xxx
uid:728,xxx
uid:729,xxx
uid:730,xxx
uid:731,xxx
uid:732,xxx
uid:733,xxx
uid:734,xxx
uid:735,xxx
uid:736,xxx
uid:737,xxx
uid:738,xxx
uid:739,xxx
uid:740,xxx
uid:741,xxx
uid:742,xxx
uid:743,xxx
uid:744,xxx
uid:745,xxx
uid:746,xxx
uid:747,xxx
uid:748,xxx
uid:749,xxx
uid:750,xxx
uid:751,xxx
uid:752,xxx
uid:753,xxx
uid:754,xxx
uid:755,xxx
uid:756,xxx
uid:757,xxx
uid:758,xxx
uid:759,xxx
uid:760,xxx
uid:761,xxx
uid:762,xxx
uid:763,xxx
uid:764,xxx
uid:765,xxx
uid:766,xxx
uid:767,xxx
uid:768,xxx
uid:769,xxx
uid:770,xxx
uid:771,xxx
uid:772,xxx
uid:773,xxx
uid:774,xxx
uid:775,xxx
uid:776,xxx
uid:777,xxx
uid:778,xxx
uid:779,xxx
uid:780,xxx
uid:781,xxx
uid:782,xxx
uid:783,xxx
uid:784,xxx
uid:785,xxx
uid:786,xxx
uid:787,xxx
uid:788,xxx
uid:789,xxx
uid:790,xxx
uid:791,xxx
uid:792,xxx
uid:793,xxx
uid:794,xxx
uid:795,xxx
uid:796,xxx
uid:797,xxx
uid:798,xxx
uid:799,xxx
uid:800,xxx
uid:801,xxx
uid:802,xxx
uid:803,xxx
uid:804,xxx
uid:805,xxx
uid:806,xxx
uid:807,xxx
uid:808,xxx
uid:809,xxx
uid:810,xxx
uid:811,xxx
uid:812,xxx
uid:813,xxx
uid:814,xxx
uid:815,xxx
uid:816,xxx
uid:817,xxx
uid:818,xxx
uid:819,xxx
uid:820,xxx
uid:821,xxx
uid:822,xxx
uid:823,xxx
uid:824,xxx
uid:825,xxx
uid:826,xxx
uid:827,xxx
uid:828,xxx
uid:829,xxx
uid:830,xxx
uid:831,xxx
uid:832,xxx
uid:833,xxx
uid:834,xxx
uid:835,xxx
uid:836,xxx
uid:837,xxx
uid:838,xxx
uid:839,xxx
uid:840,xxx
uid:841,xxx
uid:842,xxx
uid:843,xxx
uid:844,xxx
uid:845,xxx
uid:846,xxx
uid:847,xxx
uid:848,xxx
uid:849,xxx
uid:850,xxx
uid:851,xxx
uid:852,xxx
uid:853,xxx
uid:854,xxx
uid:855,xxx
uid:856,xxx
uid:857,xxx
uid:858,xxx
uid:859,xxx
uid:860,xxx
uid:861,xxx
uid:862,xxx
uid:863,xxx
uid:864,xxx
uid:865,xxx
uid:866,xxx
uid:867,xxx
uid:868,xxx
uid:869,xxx
uid:870,xxx
uid:871,xxx
uid:872,xxx
uid:873,xxx
uid:874,xxx
uid:875,xxx
uid:876,xxx
uid:877,xxx
uid:878,xxx
uid:879,xxx
uid:880,xxx
uid:881,xxx
uid:882,xxx
uid:883,xxx
uid:884,xxx
uid:885,xxx
uid:886,xxx
uid:887,xxx
uid:888,xxx
uid:889,xxx
uid:890,xxx
uid:891,xxx
uid:892,xxx
uid:893,xxx
uid:894,xxx
uid:895,xxx
uid:896,xxx
uid:897,xxx
uid:898,xxx
uid:899,xxx
uid:900,xxx
uid:901,xxx
uid:902,xxx
uid:903,xxx
uid:904,xxx
uid:905,xxx
uid:906,xxx
uid:907,xxx
uid:908,xxx
uid:909,xxx
uid:910,xxx
uid:911,xxx
uid:912,xxx
uid:913,xxx
uid:914,xxx
uid:915,xxx
uid:916,xxx
uid:917,xxx
uid:918,xxx
uid:919,xxx
uid:920,xxx
uid:921,xxx
uid:922,xxx
uid:923,xxx
uid:924,xxx
uid:925,xxx
uid:926,xxx
uid:927,xxx
uid:928,xxx
uid:929,xxx
uid:930,xxx
uid:931,xxx
uid:932,xxx
uid:933,xxx
uid:934,xxx
uid:935,xxx
uid:936,xxx
uid:937,xxx
uid:938,xxx
uid:939,xxx
uid:940,xxx
uid:941,xxx
uid:942,xxx
uid:943,xxx
uid:944,xxx
uid:945,xxx
uid:946,xxx
uid:947,xxx
uid:948,xxx
uid:949,xxx
uid:950,xxx
uid:951,xxx
uid:952,xxx
uid:953,xxx
uid:954,xxx
uid:955,xxx
uid:956,xxx
uid:957,xxx
uid:958,xxx
uid:959,xxx
uid:960,xxx
uid:961,xxx
uid:962,xxx
uid:963,xxx
uid:964,xxx
uid:965,xxx
uid:966,xxx
uid:967,xxx
uid:968,xxx
uid:969,xxx
uid:970,xxx
uid:971,xxx
uid:972,xxx
uid:973,xxx
uid:974,xxx
uid:975,xxx
uid:976,xxx
uid:977,xxx
uid:978,xxx
uid:979,xxx
uid:980,xxx
uid:981,xxx
uid:982,xxx
uid:983,xxx
uid:984,xxx
uid:985,xxx
uid:986,xxx
uid:987,xxx
uid:988,xxx
uid:989,xxx
uid:990,xxx
uid:991,xxx
uid:992,xxx
uid:993,xxx
uid:994,xxx
uid:995,xxx
uid:996,xxx
uid:997,xxx
uid:998,xxx
uid:999,xxx
uid:1000,xxx
uid:1001,xxx
uid:1002,xxx
uid:1003,xxx
uid:1004,xxx
uid:1005,xxx
uid:1006,xxx
uid:1007,xxx
uid:1008,xxx
uid:1009,xxx
uid:1010,xxx
uid:1011,xxx
uid:1012,xxx
uid:1013,xxx
uid:1014,xxx
uid:1015,xxx
uid:1016,xxx
uid:1017,xxx
uid:1018,xxx
uid:1019,xxx
uid:1020,xxx
uid:1021,xxx
uid:1022,xxx
uid:1023,xxx
uid:1024,xxx
uid:1025,xxx
uid:1026,xxx
uid:1027,xxx
uid:1028,xxx
uid:1029,xxx
uid:1030,xxx
uid:1031,xxx
uid:1032,xxx
uid:1033,xxx
uid:1034,xxx
uid:1035,xxx
uid:1036,xxx
uid:1037,xxx
uid:1038,xxx
uid:1039,xxx
uid:1040,xxx
uid:1041,xxx
uid:1042,xxx
uid:1043,xxx
uid:1044,xxx
uid:1045,xxx
uid:1046,xxx
uid:1047,xxx
uid:1048,xxx
uid:1049,xxx
uid:1050,xxx
uid:1051,xxx
uid:1052,xxx
uid:1053,xxx
uid:1054,xxx
uid:1055,xxx
uid:1056,xxx
uid:1057,xxx
uid:1058,xxx
uid:1059,xxx
uid:1060,xxx
uid:1061,xxx
uid:1062,xxx
uid:1063,xxx
uid:1064,xxx
uid:1065,xxx
uid:1066,xxx
uid:1067,xxx
uid:1068,xxx
uid:1069,xxx
uid:1070,xxx
uid:1071,xxx
uid:1072,xxx
uid:1073,xxx
uid:1074,xxx
uid:1075,xxx
uid:1076,xxx
uid:1077,xxx
uid:1078,xxx
uid:1079,xxx
uid:1080,xxx
uid:1081,xxx
uid:1082,xxx
uid:1083,xxx
uid:1084,xxx
uid:1085,xxx
uid:1086,xxx
uid:1087,xxx
uid:1088,xxx
uid:1089,xxx
uid:1090,xxx
uid:1091,xxx
uid:1092,xxx
uid:1093,xxx
uid:1094,xxx
uid:1095,xxx
uid:1096,xxx
uid:1097,xxx
uid:1098,xxx
uid:1099,xxx
uid:1100,xxx
uid:1101,xxx
uid:1102,xxx
uid:1103,xxx
uid:1104,xxx
uid:1105,xxx
uid:1106,xxx
uid:1107,xxx
uid:1108,xxx
uid:1109,xxx
uid:1110,xxx
uid:1111,xxx
uid:1112,xxx
uid:1113,xxx
uid:1114,xxx
uid:1115,xxx
uid:1116,xxx
uid:1117,xxx
uid:1118,xxx
uid:1119,xxx
uid:1120,xxx
uid:1121,xxx
uid:1122,xxx
uid:1123,xxx
uid:1124,xxx
uid:1125,xxx
uid:1126,xxx
uid:1127,xxx
uid:1128,xxx
uid:1129,xxx
uid:1130,xxx
uid:1131,xxx
uid:1132,xxx
uid:1133,xxx
uid:1134,xxx
uid:1135,xxx
uid:1136,xxx
uid:1137,xxx
uid:1138,xxx
uid:1139,xxx
uid:1140,xxx
uid:1141,xxx
uid:1142,xxx
uid:1143,xxx
uid:1144,xxx
uid:1145,xxx
uid:1146,xxx
uid:1147,xxx
uid:1148,xxx
uid:1149,xxx
uid:1150,xxx
uid:1151,xxx
uid:1152,xxx
uid:1153,xxx
uid:1154,xxx
uid:1155,xxx
uid:1156,xxx
uid:1157,xxx
uid:1158,xxx
uid:1159,xxx
uid:1160,xxx
uid:1161,xxx
uid:1162,xxx
uid:1163,xxx
uid:1164,xxx
uid:1165,xxx
uid:1166,xxx
uid:1167,xxx
uid:1168,xxx
uid:1169,xxx
uid:1170,xxx
uid:1171,xxx
uid:1172,xxx
uid:1173,xxx
uid:1174,xxx
uid:1175,xxx
uid:1176,xxx
uid:1177,xxx
uid:1178,xxx
uid:1179,xxx
uid:1180,xxx
uid:1181,xxx
uid:1182,xxx
uid:1183,xxx
uid:1184,xxx
uid:1185,xxx
uid:1186,xxx
uid:1187,xxx
uid:1188,xxx
uid:1189,xxx
uid:1190,xxx
uid:1191,xxx
uid:1192,xxx
uid:1193,xxx
uid:1194,xxx
uid:1195,xxx
uid:1196,xxx
uid:1197,xxx
uid:1198,xxx
uid:1199,xxx
uid:1200,xxx
uid:1201,xxx
uid:1202,xxx
uid:1203,xxx
uid:1204,xxx
uid:1205,xxx
uid:1206,xxx
uid:1207,xxx
uid:1208,xxx
uid:1209,xxx
uid:1210,xxx
uid:1211,xxx
uid:1212,xxx
uid:1213,xxx
uid:1214,xxx
uid:1215,xxx
uid:1216,xxx
uid:1217,xxx
uid:1218,xxx
uid:1219,xxx
uid:1220,xxx
uid:1221,xxx
uid:1222,xxx
uid:1223,xxx
uid:1224,xxx
uid:1225,xxx
uid:1226,xxx
uid:1227,xxx
uid:1228,xxx
uid:1229,xxx
uid:1230,xxx
uid:1231,xxx
uid:1232,xxx
uid:1233,xxx
uid:1234,xxx
uid:1235,xxx
uid:1236,xxx
uid:1237,xxx
uid:1238,xxx
uid:1239,xxx
uid:1240,xxx
uid:1241,xxx
uid:1242,xxx
uid:1243,xxx
uid:1244,xxx
uid:1245,xxx
uid:1246,xxx
uid:1247,xxx
uid:1248,xxx
uid:1249,xxx
uid:1250,xxx
uid:1251,xxx
uid:1252,xxx
uid:1253,xxx
uid:1254,xxx
uid:1255,xxx
uid:1256,xxx
uid:1257,xxx
uid:1258,xxx
uid:1259,xxx
uid:1260,xxx
uid:1261,xxx
uid:1262,xxx
uid:1263,xxx
uid:1264,xxx
uid:1265,xxx
uid:1266,xxx
uid:1267,xxx
uid:1268,xxx
uid:1269,xxx
uid:1270,xxx
uid:1271,xxx
uid:1272,xxx
uid:1273,xxx
uid:1274,xxx
uid:1275,xxx
uid:1276,xxx
uid:1277,xxx
uid:1278,xxx
uid:1279,xxx
uid:1280,xxx
uid:1281,xxx
uid:1282,xxx
uid:1283,xxx
uid:1284,xxx
uid:1285,xxx
uid:1286,xxx
uid:1287,xxx
uid:1288,xxx
uid:1289,xxx
uid:1290,xxx
uid:1291,xxx
uid:1292,xxx
uid:1293,xxx
uid:1294,xxx
uid:1295,xxx
uid:1296,xxx
uid:1297,xxx
uid:1298,xxx
uid:1299,xxx
uid:1300,xxx
uid:1301,xxx
uid:1302,xxx
uid:1303,xxx
uid:1304,xxx
uid:1305,xxx
uid:1306,xxx
uid:1307,xxx
uid:1308,xxx
uid:1309,xxx
uid:1310,xxx
uid:1311,xxx
uid:1312,xxx
uid:1313,xxx
uid:1314,xxx
uid:1315,xxx
uid:1316,xxx
uid:1317,xxx
uid:1318,xxx
uid:1319,xxx
uid:1320,xxx
uid:1321,xxx
uid:1322,xxx
uid:1323,xxx
uid:1324,xxx
uid:1325,xxx
uid:1326,xxx
uid:1327,xxx
uid:1328,xxx
uid:1329,xxx
uid:1330,xxx
uid:1331,xxx
uid:1332,xxx
uid:1333,xxx
uid:1334,xxx
uid:1335,xxx
uid:1336,xxx
uid:1337,xxx
uid:1338,xxx
uid:1339,xxx
uid:1340,xxx
uid:1341,xxx
uid:1342,xxx
uid:1343,xxx
uid:1344,xxx
uid:1345,xxx
uid:1346,xxx
uid:1347,xxx
uid:1348,xxx
uid:1349,xxx
uid:1350,xxx
uid:1351,xxx
uid:1352,xxx
uid:1353,xxx
uid:1354,xxx
uid:1355,xxx
uid:1356,xxx
uid:1357,xxx
uid:1358,xxx
uid:1359,xxx
uid:1360,xxx
uid:1361,xxx
uid:1362,xxx
uid:1363,xxx
uid:1364,xxx
uid:1365,xxx
uid:1366,xxx
uid:1367,xxx
uid:1368,xxx
uid:1369,xxx
uid:1370,xxx
uid:1371,xxx
uid:1372,xxx
uid:1373,xxx
uid:1374,xxx
uid:1375,xxx
uid:1376,xxx
uid:1377,xxx
uid:1378,xxx
uid:1379,xxx
uid:1380,xxx
uid:1381,xxx
uid:1382,xxx
uid:1383,xxx
uid:1384,xxx
uid:1385,xxx
uid:1386,xxx
uid:1387,xxx
uid:1388,xxx
uid:1389,xxx
uid:1390,xxx
uid:1391,xxx
uid:1392,xxx
uid:1393,xxx
uid:1394,xxx
uid:1395,xxx
uid:1396,xxx
uid:1397,xxx
uid:1398,xxx
uid:1399,xxx
uid:1400,xxx
uid:1401,xxx
uid:1402,xxx
uid:1403,xxx
uid:1404,xxx
uid:1405,xxx
uid:1406,xxx
uid:1407,xxx
uid:1408,xxx
uid:1409,xxx
uid:1410,xxx
uid:1411,xxx
uid:1412,xxx
uid:1413,xxx
uid:1414,xxx
uid:1415,xxx
uid:1416,xxx
uid:1417,xxx
uid:1418,xxx
uid:1419,xxx
uid:1420,xxx
uid:1421,xxx
uid:1422,xxx
uid:1423,xxx
uid:1424,xxx
uid:1425,xxx
uid:1426,xxx
uid:1427,xxx
uid:1428,xxx
uid:1429,xxx
uid:1430,xxx
uid:1431,xxx
uid:1432,xxx
uid:1433,xxx
uid:1434,xxx
uid:1435,xxx
uid:1436,xxx
uid:1437,xxx
uid:1438,xxx
uid:1439,xxx
uid:1440,xxx
uid:1441,xxx
uid:1442,xxx
uid:1443,xxx
uid:1444,xxx
uid:1445,xxx
uid:1446,xxx
uid:1447,xxx
uid:1448,xxx
uid:1449,xxx
uid:1450,xxx
uid:1451,xxx
uid:1452,xxx
uid:1453,xxx
uid:1454,xxx
uid:1455,xxx
uid:1456,xxx
uid:1457,xxx
uid:1458,xxx
uid:1459,xxx
uid:1460,xxx
uid:1461,xxx
uid:1462,xxx
uid:1463,xxx
uid:1464,xxx
uid:1465,xxx
uid:1466,xxx
uid:1467,xxx
uid:1468,xxx
uid:1469,xxx
uid:1470,xxx
uid:1471,xxx
uid:1472,xxx
uid:1473,xxx
uid:1474,xxx
uid:1475,xxx
uid:1476,xxx
uid:1477,xxx
uid:1478,xxx
uid:1479,xxx
uid:1480,xxx
uid:1481,xxx
uid:1482,xxx
uid:1483,xxx
uid:1484,xxx
uid:1485,xxx
uid:1486,xxx
uid:1487,xxx
uid:1488,xxx
uid:1489,xxx
uid:1490,xxx
uid:1491,xxx
uid:1492,xxx
uid:1493,xxx
uid:1494,xxx
uid:1495,xxx
uid:1496,xxx
uid:1497,xxx
uid:1498,xxx
uid:1499,xxx
